1|D|B|被世卫组织认定的全球性流行病|批评~任命~评论~认定、指定|epidemic与designated构成被动关系，后面的by the World Health Organization说明认定者。|appointed一般用于任命人员担任职务；criticized与commented不表达宣布疫情性质，comment还常需介词on。|先看空格修饰的名词，再判断动词与该名词能否搭配。|first worldwide|1
2|C|A|提高警戒级别与紧急会议的先后关系|继续、进行~激活~在……之后发生~促使|主语是heightened alert；提高警戒级别发生在专家开会之后，followed表示“随后发生”。|proceed是不及物用法为主，不能在这里直接接会议表示发生在其后；prompted会颠倒文中会议与警戒升级的先后关系；activated不搭配meeting。|先用中文排列事件顺序，再把主语代回动词。|heightened alert|2
3|B|B|病例数量上升|数字、数位~数量~数量、总量~金额、总和|前面是cases，后面用numbers承接可数的病例数；rising numbers表示数量上升。|digits指0—9等数字符号；amounts通常搭配不可数名词；sums常表示金额或总和。|数字类选项要区分“数字符号”和“事物的数量”。|heightened alert|2
4|A|C|疫情的严重程度如何|温和的、适度的~正常的~不寻常的~极端的|But与前文疫情警报构成转折，后面又说症状轻微、完全康复，因此严重程度属moderate。|unusual没有回答严重程度；extreme与mild symptoms矛盾；normal也不如moderate准确地描述严重程度。|用后文的症状与结果反推前面的评价词。|overwhelming majority|3
5|A|C|补充说明患者的状况|随着、在……情况下~在……之中~来自~通过、被|with + the overwhelming majority of patients + experiencing构成with复合结构，补充说明多数患者的情况。|from不构成这里的名词加分词补充结构；in和by也不能自然接出句中这个结构。|看到“名词 + 现在分词”，检查是否需要with复合结构。|overwhelming majority|3
6|B|B|没有医疗处理时也能康复|进展~缺乏、不存在~存在~支持、赞同|in the absence of意为“在没有……的情况下”，呼应症状轻微且完全康复。|presence方向相反；in favor of表示支持；progress不适合这一固定搭配。|将固定短语作为整体记忆：in the absence of。|overwhelming majority|3
7|D|B|疫情引起全球关注|现实~现象~概念~注意、关注|come to someone's notice表示引起某人的注意，global notice在这里指全球关注。|phenomenon虽然与疫情语义相关，却不能组成came to global phenomenon；reality和concept同样不符合此处搭配。|不要只选话题相关词，还要把前后介词组成完整搭配。|came to global|4
8|C|C|健康成年人中出现住院和死亡病例|在……上方~为了~在……之中~到、向|among引出病例发生的人群：在原本健康的成年人当中。|over、for和to均不能在这里表达群体内部发生病例的关系。|先识别空后是地点、原因还是人群。|hospitalizations and deaths|4
9|B|B|病例开始在其他地方出现|熬夜~突然出现~填满~掩盖|crop up意为出现、冒出，主语是cases，表示病例在多地开始出现。|stay up意为熬夜；fill up是装满；cover up是掩盖，均不合病例出现的语境。|将不熟悉的短语放进“主语 + 动作”的简单句。|cases began|4
10|A|A|随着天气转暖病例减少|随着、当……时~如果~除非~直到|as引导时间状语从句，表示天气转暖的同时，新病例似乎逐渐减少。|if和unless引入假设，而原文叙述已发生情况；until表示持续到某时，不如as贴合伴随变化。|两个变化同时推进时留意as表示“随着”。|warmer weather|4
11|C|B|几乎各州都有明显的流感活动|过度的~巨大的~显著的~壮丽的、极好的|significant flu activity指明显、显著的流感活动，与前面的seemed to fade形成反差。|enormous常强调体量极大；excessive含超出适当限度的评价；magnificent带褒义，均不如此处significant贴切。|程度词既要看强弱，也要看名词搭配与褒贬。|officials reported|5
12|D|D|被检测的是什么|类别~例子~模式~样本|tested修饰空格处的名词，医学检测的对象是samples，即样本。|examples是用于举例的例子，patterns是模式，categories是分类，都不指送检样本。|利用后置修饰语tested缩小名词范围。|virtually all|5
13|D|D|病毒对一百多万人造成了什么|传授~使沉浸~注射~感染|主语it指新型猪流感，动作对象为people，后面并列死亡和住院，故为infected。|injected表示注射，需要合适的注射者与内容；imparted和immersed与传播疾病不符。|近形词不要只看拼写，先看动作发出者与接受者。|one million|5
14|A|A|从国家储备中调拨药物|发放、释放~转达~缓解~保持、留下|released表示把储备中的药物发放出来，from the national stockpile明确了药物来源。|relayed是转达；relieved是缓解；remained通常不及物，不能直接支配Tamiflu。|介词from常提示“从某处调出或放出”的动作。|Federal health officials|5
15|C|D|开始接受各州的疫苗订单|下达、放置~递送~接受、接收~给予|take orders表示接受订单；from the states说明订单来自各州，联邦部门是接单方。|place orders是订货方下单；deliver偏递送；give orders常指发布命令，角色与语境不符。|做搭配题前先分清谁下单、谁接单。|orders from the states|5
16|B|B|新疫苗提前可以供应|可行的~可获得的、可供应的~可靠的~适用的|available说明疫苗已经可以供应，ahead of expectations说明比预期更早。后一句made available也形成词汇复现。|feasible描述计划能否实施；reliable描述可靠程度；applicable描述适用性，都不直接表达供应时间。|关注邻句中的同词复现与供应、时间等语义线索。|ahead of expectations|6
17|D|B|最初供应的那一批疫苗|流行的~主要的~创新的~最初的|early October说明首次供应的时间，those initial doses指最初供应的这批剂量。|principal表示主要，但这里区分的是先后批次；prevalent和innovative也不体现时间。|看到early、first、then等信息，检查是否考时间顺序。|More than three million|6
18|C|C|这种鼻喷疫苗不建议用于某些人群|呈现~限制~推荐、建议~引入|be recommended for表示建议用于某类人群。not与孕妇、年长者等限制对象相接。|restricted for搭配不自然，限制于常用restricted to；presented和introduced不表达适宜性建议。|记住recommend something for someone与be recommended for。|More than three million|6
19|A|A|呼吸困难、心脏病及其他健康问题|问题~议题~剧痛~痛苦、苦难|前面列举呼吸困难和心脏病，several other problems用上位词概括其他健康问题。|issues通常指待讨论的议题；agonies与sufferings强调痛苦体验，不能自然概括这里的疾病条件。|列举后出现other时，寻找能包住前面各项的上位概念。|More than three million|6
20|B|A|照料婴儿的人也是高风险人群|参与~照料~关心、涉及~防范、避开|caring for infants作后置修饰语，意为照料婴儿的人，与health care workers一起列为需保护的人群。|involved in后接活动而非直接表达照料婴儿；concerned with不等于实际照料；warding off是防范、避开，语义不符。|区分care for的实际照料与仅表示关注、涉及的表达。|other high-risk groups|6
